{
  "Reptiles" : {
    "transaction" : "Reptiles",
    "sampleCount" : 500,
    "errorCount" : 0,
    "errorPct" : 0.0,
    "meanResTime" : 2.0259999999999994,
    "medianResTime" : 1.0,
    "minResTime" : 0.0,
    "maxResTime" : 41.0,
    "pct1ResTime" : 3.0,
    "pct2ResTime" : 5.0,
    "pct3ResTime" : 14.990000000000009,
    "throughput" : 47.72814051164566,
    "receivedKBytesPerSec" : 173.01450935471553,
    "sentKBytesPerSec" : 11.7455970790378
  },
  "Sign In " : {
    "transaction" : "Sign In ",
    "sampleCount" : 500,
    "errorCount" : 0,
    "errorPct" : 0.0,
    "meanResTime" : 1.7559999999999998,
    "medianResTime" : 1.0,
    "minResTime" : 0.0,
    "maxResTime" : 35.0,
    "pct1ResTime" : 3.0,
    "pct2ResTime" : 5.0,
    "pct3ResTime" : 8.0,
    "throughput" : 48.07692307692308,
    "receivedKBytesPerSec" : 184.18682391826923,
    "sentKBytesPerSec" : 28.404822716346153
  },
  "Main Catalog" : {
    "transaction" : "Main Catalog",
    "sampleCount" : 500,
    "errorCount" : 0,
    "errorPct" : 0.0,
    "meanResTime" : 1.7380000000000004,
    "medianResTime" : 1.0,
    "minResTime" : 0.0,
    "maxResTime" : 27.0,
    "pct1ResTime" : 3.0,
    "pct2ResTime" : 4.949999999999989,
    "pct3ResTime" : 20.0,
    "throughput" : 48.160277403197846,
    "receivedKBytesPerSec" : 229.4432747182624,
    "sentKBytesPerSec" : 21.84849303481988
  },
  "Birds" : {
    "transaction" : "Birds",
    "sampleCount" : 500,
    "errorCount" : 0,
    "errorPct" : 0.0,
    "meanResTime" : 1.9860000000000002,
    "medianResTime" : 1.0,
    "minResTime" : 0.0,
    "maxResTime" : 34.0,
    "pct1ResTime" : 3.0,
    "pct2ResTime" : 5.0,
    "pct3ResTime" : 23.99000000000001,
    "throughput" : 47.60997905160922,
    "receivedKBytesPerSec" : 172.49318582174823,
    "sentKBytesPerSec" : 11.577035921729193
  },
  "Login" : {
    "transaction" : "Login",
    "sampleCount" : 500,
    "errorCount" : 0,
    "errorPct" : 0.0,
    "meanResTime" : 4.194000000000004,
    "medianResTime" : 3.0,
    "minResTime" : 1.0,
    "maxResTime" : 51.0,
    "pct1ResTime" : 8.0,
    "pct2ResTime" : 13.0,
    "pct3ResTime" : 24.99000000000001,
    "throughput" : 47.65081482893358,
    "receivedKBytesPerSec" : 244.86190198227388,
    "sentKBytesPerSec" : 75.61774814161822
  },
  "Login-0" : {
    "transaction" : "Login-0",
    "sampleCount" : 500,
    "errorCount" : 0,
    "errorPct" : 0.0,
    "meanResTime" : 2.133999999999999,
    "medianResTime" : 1.0,
    "minResTime" : 0.0,
    "maxResTime" : 27.0,
    "pct1ResTime" : 3.0,
    "pct2ResTime" : 6.0,
    "pct3ResTime" : 14.990000000000009,
    "throughput" : 47.66444232602478,
    "receivedKBytesPerSec" : 8.983630243088657,
    "sentKBytesPerSec" : 43.754468541468064
  },
  "Login-1" : {
    "transaction" : "Login-1",
    "sampleCount" : 500,
    "errorCount" : 0,
    "errorPct" : 0.0,
    "meanResTime" : 1.9620000000000004,
    "medianResTime" : 1.0,
    "minResTime" : 0.0,
    "maxResTime" : 44.0,
    "pct1ResTime" : 4.0,
    "pct2ResTime" : 6.0,
    "pct3ResTime" : 16.980000000000018,
    "throughput" : 47.67353165522502,
    "receivedKBytesPerSec" : 235.99329293001526,
    "sentKBytesPerSec" : 31.890985531083142
  },
  "Home-0" : {
    "transaction" : "Home-0",
    "sampleCount" : 500,
    "errorCount" : 0,
    "errorPct" : 0.0,
    "meanResTime" : 1.0020000000000004,
    "medianResTime" : 1.0,
    "minResTime" : 0.0,
    "maxResTime" : 27.0,
    "pct1ResTime" : 2.0,
    "pct2ResTime" : 3.0,
    "pct3ResTime" : 17.99000000000001,
    "throughput" : 48.20671037408407,
    "receivedKBytesPerSec" : 6.8732223775549555,
    "sentKBytesPerSec" : 9.017573605620903
  },
  "Home-1" : {
    "transaction" : "Home-1",
    "sampleCount" : 500,
    "errorCount" : 0,
    "errorPct" : 0.0,
    "meanResTime" : 1.0159999999999996,
    "medianResTime" : 1.0,
    "minResTime" : 0.0,
    "maxResTime" : 25.0,
    "pct1ResTime" : 2.0,
    "pct2ResTime" : 3.0,
    "pct3ResTime" : 8.990000000000009,
    "throughput" : 48.21135859608524,
    "receivedKBytesPerSec" : 63.606977991514796,
    "sentKBytesPerSec" : 9.065524509449427
  },
  "Total" : {
    "transaction" : "Total",
    "sampleCount" : 7000,
    "errorCount" : 0,
    "errorPct" : 0.0,
    "meanResTime" : 2.1170000000000115,
    "medianResTime" : 1.0,
    "minResTime" : 0.0,
    "maxResTime" : 51.0,
    "pct1ResTime" : 4.0,
    "pct2ResTime" : 6.0,
    "pct3ResTime" : 18.0,
    "throughput" : 638.5113563805528,
    "receivedKBytesPerSec" : 1985.3005207858253,
    "sentKBytesPerSec" : 355.6236567032291
  },
  "Dogs" : {
    "transaction" : "Dogs",
    "sampleCount" : 500,
    "errorCount" : 0,
    "errorPct" : 0.0,
    "meanResTime" : 1.8539999999999999,
    "medianResTime" : 1.0,
    "minResTime" : 0.0,
    "maxResTime" : 36.0,
    "pct1ResTime" : 3.0,
    "pct2ResTime" : 4.949999999999989,
    "pct3ResTime" : 12.0,
    "throughput" : 47.56016360696281,
    "receivedKBytesPerSec" : 199.52974888233615,
    "sentKBytesPerSec" : 11.518477123561306
  },
  "Sign Out" : {
    "transaction" : "Sign Out",
    "sampleCount" : 500,
    "errorCount" : 0,
    "errorPct" : 0.0,
    "meanResTime" : 4.019999999999998,
    "medianResTime" : 3.0,
    "minResTime" : 1.0,
    "maxResTime" : 49.0,
    "pct1ResTime" : 7.0,
    "pct2ResTime" : 11.0,
    "pct3ResTime" : 34.99000000000001,
    "throughput" : 47.2768532526475,
    "receivedKBytesPerSec" : 243.23756323279122,
    "sentKBytesPerSec" : 49.58049179746596
  },
  "Sign Out-0" : {
    "transaction" : "Sign Out-0",
    "sampleCount" : 500,
    "errorCount" : 0,
    "errorPct" : 0.0,
    "meanResTime" : 1.8100000000000007,
    "medianResTime" : 1.0,
    "minResTime" : 0.0,
    "maxResTime" : 43.0,
    "pct1ResTime" : 3.0,
    "pct2ResTime" : 5.0,
    "pct3ResTime" : 15.0,
    "throughput" : 47.29026766291497,
    "receivedKBytesPerSec" : 15.378573370850278,
    "sentKBytesPerSec" : 25.030590891894448
  },
  "Home" : {
    "transaction" : "Home",
    "sampleCount" : 500,
    "errorCount" : 0,
    "errorPct" : 0.0,
    "meanResTime" : 2.052,
    "medianResTime" : 1.0,
    "minResTime" : 0.0,
    "maxResTime" : 30.0,
    "pct1ResTime" : 4.0,
    "pct2ResTime" : 7.0,
    "pct3ResTime" : 21.99000000000001,
    "throughput" : 48.20206304829846,
    "receivedKBytesPerSec" : 70.46727381181915,
    "sentKBytesPerSec" : 18.080480875831487
  },
  "Sign Out-1" : {
    "transaction" : "Sign Out-1",
    "sampleCount" : 500,
    "errorCount" : 0,
    "errorPct" : 0.0,
    "meanResTime" : 2.0879999999999974,
    "medianResTime" : 1.0,
    "minResTime" : 0.0,
    "maxResTime" : 39.0,
    "pct1ResTime" : 4.0,
    "pct2ResTime" : 6.949999999999989,
    "pct3ResTime" : 18.960000000000036,
    "throughput" : 47.330556607345706,
    "receivedKBytesPerSec" : 228.12218974820144,
    "sentKBytesPerSec" : 24.584896227754637
  }
}